[
{
  "model": "polls.question",
  "pk": 2,
  "fields": {
    "question_text": "Which AI Chatbot do you like?",
    "pub_date": "2023-09-02T14:33:10.249Z",
    "end_date": null
  }
},
{
  "model": "polls.question",
  "pk": 3,
  "fields": {
    "question_text": "What kind of games do you like?",
    "pub_date": "2023-09-17T06:23:27Z",
    "end_date": "2025-09-17T06:23:21Z"
  }
},
{
  "model": "polls.question",
  "pk": 4,
  "fields": {
    "question_text": "What genre of movies do you like?",
    "pub_date": "2024-09-02T06:22:40Z",
    "end_date": "2025-09-17T06:22:36Z"
  }
},
{
  "model": "polls.question",
  "pk": 5,
  "fields": {
    "question_text": "After graduation, what kind of technological job are you interested in?",
    "pub_date": "2025-09-17T06:21:27Z",
    "end_date": null
  }
},
{
  "model": "polls.question",
  "pk": 6,
  "fields": {
    "question_text": "How is your sleep quality?",
    "pub_date": "2023-09-02T16:11:14Z",
    "end_date": "2023-11-17T06:24:04Z"
  }
},
{
  "model": "polls.choice",
  "pk": 4,
  "fields": {
    "question": 2,
    "choice_text": "ChatGPT"
  }
},
{
  "model": "polls.choice",
  "pk": 10,
  "fields": {
    "question": 2,
    "choice_text": "Google Bard"
  }
},
{
  "model": "polls.choice",
  "pk": 11,
  "fields": {
    "question": 2,
    "choice_text": "Bing AI"
  }
},
{
  "model": "polls.choice",
  "pk": 12,
  "fields": {
    "question": 2,
    "choice_text": "Chatsonic"
  }
},
{
  "model": "polls.choice",
  "pk": 13,
  "fields": {
    "question": 2,
    "choice_text": "Jasper"
  }
},
{
  "model": "polls.choice",
  "pk": 15,
  "fields": {
    "question": 2,
    "choice_text": "YouChat"
  }
},
{
  "model": "polls.choice",
  "pk": 17,
  "fields": {
    "question": 3,
    "choice_text": "Action Game"
  }
},
{
  "model": "polls.choice",
  "pk": 18,
  "fields": {
    "question": 3,
    "choice_text": "Adventure Game"
  }
},
{
  "model": "polls.choice",
  "pk": 20,
  "fields": {
    "question": 3,
    "choice_text": "Simulation Game"
  }
},
{
  "model": "polls.choice",
  "pk": 21,
  "fields": {
    "question": 3,
    "choice_text": "Strategy Game"
  }
},
{
  "model": "polls.choice",
  "pk": 22,
  "fields": {
    "question": 3,
    "choice_text": "Sports Game"
  }
},
{
  "model": "polls.choice",
  "pk": 24,
  "fields": {
    "question": 3,
    "choice_text": "Puzzle Game"
  }
},
{
  "model": "polls.choice",
  "pk": 27,
  "fields": {
    "question": 3,
    "choice_text": "Horror Gamese"
  }
},
{
  "model": "polls.choice",
  "pk": 28,
  "fields": {
    "question": 3,
    "choice_text": "Role-Playing Games (RPGs)"
  }
},
{
  "model": "polls.choice",
  "pk": 29,
  "fields": {
    "question": 3,
    "choice_text": "Multiplayer Online Battle Arena (MOBA)"
  }
},
{
  "model": "polls.choice",
  "pk": 30,
  "fields": {
    "question": 3,
    "choice_text": "Other"
  }
},
{
  "model": "polls.choice",
  "pk": 31,
  "fields": {
    "question": 4,
    "choice_text": "Action"
  }
},
{
  "model": "polls.choice",
  "pk": 32,
  "fields": {
    "question": 4,
    "choice_text": "Comedy"
  }
},
{
  "model": "polls.choice",
  "pk": 33,
  "fields": {
    "question": 4,
    "choice_text": "Romance"
  }
},
{
  "model": "polls.choice",
  "pk": 34,
  "fields": {
    "question": 4,
    "choice_text": "Drama"
  }
},
{
  "model": "polls.choice",
  "pk": 35,
  "fields": {
    "question": 4,
    "choice_text": "Science Fiction (Sci-Fi)"
  }
},
{
  "model": "polls.choice",
  "pk": 36,
  "fields": {
    "question": 4,
    "choice_text": "Horror"
  }
},
{
  "model": "polls.choice",
  "pk": 38,
  "fields": {
    "question": 4,
    "choice_text": "Mystery"
  }
},
{
  "model": "polls.choice",
  "pk": 39,
  "fields": {
    "question": 4,
    "choice_text": "Thriller"
  }
},
{
  "model": "polls.choice",
  "pk": 41,
  "fields": {
    "question": 5,
    "choice_text": "Software Engineer"
  }
},
{
  "model": "polls.choice",
  "pk": 43,
  "fields": {
    "question": 5,
    "choice_text": "DevOps Engineer"
  }
},
{
  "model": "polls.choice",
  "pk": 47,
  "fields": {
    "question": 5,
    "choice_text": "Cloud Engineer"
  }
},
{
  "model": "polls.choice",
  "pk": 49,
  "fields": {
    "question": 5,
    "choice_text": "UX/UI Designer"
  }
},
{
  "model": "polls.choice",
  "pk": 50,
  "fields": {
    "question": 5,
    "choice_text": "Back End Developer"
  }
},
{
  "model": "polls.choice",
  "pk": 51,
  "fields": {
    "question": 5,
    "choice_text": "Front End Developer"
  }
},
{
  "model": "polls.choice",
  "pk": 52,
  "fields": {
    "question": 5,
    "choice_text": "Full Stack Developer"
  }
},
{
  "model": "polls.choice",
  "pk": 54,
  "fields": {
    "question": 5,
    "choice_text": "Data Scientist"
  }
},
{
  "model": "polls.choice",
  "pk": 55,
  "fields": {
    "question": 5,
    "choice_text": "Data Analyst"
  }
},
{
  "model": "polls.choice",
  "pk": 56,
  "fields": {
    "question": 5,
    "choice_text": "Data Engineer"
  }
},
{
  "model": "polls.choice",
  "pk": 57,
  "fields": {
    "question": 5,
    "choice_text": "Machine Learning Engineer"
  }
},
{
  "model": "polls.choice",
  "pk": 58,
  "fields": {
    "question": 5,
    "choice_text": "Cybersecurity Analyst"
  }
},
{
  "model": "polls.choice",
  "pk": 59,
  "fields": {
    "question": 5,
    "choice_text": "Other"
  }
},
{
  "model": "polls.choice",
  "pk": 71,
  "fields": {
    "question": 6,
    "choice_text": "Very Poor"
  }
},
{
  "model": "polls.choice",
  "pk": 72,
  "fields": {
    "question": 6,
    "choice_text": "Poor"
  }
},
{
  "model": "polls.choice",
  "pk": 73,
  "fields": {
    "question": 6,
    "choice_text": "Fair"
  }
},
{
  "model": "polls.choice",
  "pk": 74,
  "fields": {
    "question": 6,
    "choice_text": "Good"
  }
},
{
  "model": "polls.choice",
  "pk": 75,
  "fields": {
    "question": 6,
    "choice_text": "Very Good"
  }
},
{
  "model": "polls.choice",
  "pk": 76,
  "fields": {
    "question": 2,
    "choice_text": "HuggingChat"
  }
},
{
  "model": "polls.choice",
  "pk": 77,
  "fields": {
    "question": 2,
    "choice_text": "Other"
  }
},
{
  "model": "polls.choice",
  "pk": 78,
  "fields": {
    "question": 4,
    "choice_text": "Adventure"
  }
},
{
  "model": "polls.choice",
  "pk": 79,
  "fields": {
    "question": 4,
    "choice_text": "Other"
  }
},
{
  "model": "polls.vote",
  "pk": 1,
  "fields": {
    "choice": 36,
    "user": 1
  }
},
{
  "model": "polls.vote",
  "pk": 2,
  "fields": {
    "choice": 76,
    "user": 1
  }
},
{
  "model": "polls.vote",
  "pk": 3,
  "fields": {
    "choice": 33,
    "user": 2
  }
},
{
  "model": "polls.vote",
  "pk": 4,
  "fields": {
    "choice": 39,
    "user": 7
  }
},
{
  "model": "polls.vote",
  "pk": 5,
  "fields": {
    "choice": 74,
    "user": 7
  }
},
{
  "model": "polls.vote",
  "pk": 6,
  "fields": {
    "choice": 29,
    "user": 7
  }
},
{
  "model": "polls.vote",
  "pk": 7,
  "fields": {
    "choice": 71,
    "user": 10
  }
},
{
  "model": "polls.vote",
  "pk": 8,
  "fields": {
    "choice": 18,
    "user": 10
  }
},
{
  "model": "polls.vote",
  "pk": 9,
  "fields": {
    "choice": 4,
    "user": 10
  }
},
{
  "model": "polls.vote",
  "pk": 10,
  "fields": {
    "choice": 17,
    "user": 11
  }
},
{
  "model": "polls.vote",
  "pk": 11,
  "fields": {
    "choice": 74,
    "user": 11
  }
},
{
  "model": "polls.vote",
  "pk": 12,
  "fields": {
    "choice": 4,
    "user": 11
  }
}
]
